meter_id,lat,lon,utm_x,utm_y,node_type,usage_type,meter_size,tariff_code,phase_conn,phase_id,peak_load_kw,has_solar,solar_kw,has_ev,transformer_id,dist_m,line_R,line_X,v_actual,v_drop_pct,building_name,building_code
UTCC-1000,13.779549051276138,100.56104491161344,668756.5483036115,1523893.4173356507,Building,Commercial,3-Phase / CT,3.2,3-Phase,ABC,150.0,False,0.0,False,13,75.8,0.0243,0.0212,207.5,9.8,Building 7 UTCC,B7-01
UTCC-1001,13.780009554299232,100.55993912199499,668636.6502269068,1523943.5867654837,Building,Commercial,3-Phase / CT,3.2,3-Phase,ABC,150.0,False,0.0,False,3,40.74,0.013,0.0114,217.9,5.25,Auditorium,AUD-01
UTCC-1002,13.780563699022823,100.55979168258277,668620.3101893545,1524004.7881852065,Building,Commercial,3-Phase / CT,3.2,3-Phase,ABC,150.0,False,0.0,False,3,30.08,0.0096,0.0084,221.1,3.88,อาคาร 8 Car Parking,B8-CP
UTCC-1003,13.778852532062972,100.56028570977152,668674.9566980817,1523815.8289222568,Building,Commercial,3-Phase / CT,3.2,3-Phase,ABC,150.0,False,0.0,False,13,73.44,0.0235,0.0206,208.2,9.49,Harbour.Space @UTCC Institute,HS-01
UTCC-1004,13.779269009437897,100.56059080415079,668707.6472797286,1523862.1177194098,Building,Commercial,3-Phase / CT,3.2,3-Phase,ABC,150.0,True,27.1,False,13,59.99,0.0192,0.0168,212.2,7.75,Building 3 UTCC,B3-01
UTCC-1005,13.779816738481028,100.56116389368897,668769.2214405839,1523923.1150035197,Building,Commercial,3-Phase / CT,3.2,3-Phase,ABC,150.0,False,0.0,False,17,70.67,0.0226,0.0198,209.0,9.13,Building 23,B23-01
UTCC-1006,13.780211199404327,100.56131870611279,668785.6777698413,1523966.8627741183,Building,Commercial,3-Phase / CT,3.2,3-Phase,ABC,150.0,False,0.0,False,17,53.23,0.017,0.0149,214.2,6.87,Building 22,B22-01
UTCC-1007,13.780380525045983,100.56101905462938,668753.1553221921,1523985.3848734174,Building,Commercial,3-Phase / CT,3.2,3-Phase,ABC,150.0,False,0.0,False,17,17.38,0.0056,0.0049,224.8,2.26,Building 21,B21-01
UTCC-1008,13.780905404413652,100.56061178586924,668708.7411769937,1524043.1662820461,Building,Commercial,3-Phase / CT,3.2,3-Phase,ABC,150.0,False,0.0,False,17,63.81,0.0204,0.0179,211.0,8.24,Building 5,B5-01
UTCC-1009,13.782891081236906,100.56218496380055,668877.418754332,1524263.9457636506,Building,Commercial,3-Phase / CT,3.2,3-Phase,ABC,150.0,True,119.86,False,7,33.67,0.0108,0.0094,220.0,4.35,,
UTCC-1010,13.778507691208008,100.56016297966637,668661.9334899484,1523777.5932105468,Building,Commercial,3-Phase 30(100) A,3.1,3-Phase,ABC,66.0,False,0.0,False,1,67.02,0.0214,0.0188,221.2,3.81,,
UTCC-1011,13.778500652680902,100.56041911405428,668689.6341453941,1523776.9942161662,Building,Commercial,3-Phase 30(100) A,3.1,3-Phase,ABC,66.0,False,0.0,False,6,58.8,0.0188,0.0165,222.3,3.34,,
UTCC-1012,13.778362841709646,100.56161093483622,668818.6037939752,1523762.5846659103,Building,Commercial,3-Phase / CT,3.2,3-Phase,ABC,150.0,False,0.0,False,14,83.73,0.0268,0.0234,205.1,10.81,,
UTCC-1013,13.77797321178153,100.55899582088209,668536.1128717535,1523717.6456002905,Building,Commercial,3-Phase 30(100) A,3.1,3-Phase,ABC,66.0,False,0.0,False,15,38.37,0.0123,0.0107,225.0,2.18,,
UTCC-1014,13.781876221632345,100.56173660944157,668829.6686847549,1524151.3571599375,Building,Commercial,3-Phase 30(100) A,3.1,3-Phase,ABC,66.0,False,0.0,False,7,88.76,0.0284,0.0249,218.4,5.05,,
UTCC-1015,13.777512849984776,100.5606342000027,668713.6003046082,1523667.8648463984,Building,Commercial,3-Phase / CT,3.2,3-Phase,ABC,150.0,False,0.0,False,6,57.09,0.0183,0.016,213.0,7.39,,
UTCC-1016,13.777466660324949,100.56084278162531,668736.1873260888,1523662.9012498911,Building,Commercial,3-Phase / CT,3.2,3-Phase,ABC,150.0,False,0.0,False,14,50.8,0.0163,0.0142,214.9,6.57,,
UTCC-1017,13.778042535713375,100.55684768132016,668303.7863467777,1523723.8103195184,Building,Commercial,3-Phase / CT,3.2,3-Phase,ABC,150.0,False,0.0,False,18,83.53,0.0267,0.0234,205.2,10.78,,
UTCC-1018,13.778572844562923,100.55731406449917,668353.8361367333,1523782.8046026346,Building,Commercial,3-Phase / CT,3.2,3-Phase,ABC,150.0,True,108.52,False,8,53.46,0.0171,0.015,214.1,6.91,,
UTCC-1019,13.77770298265681,100.55974634966157,668617.4609616405,1523688.2764146596,Building,Commercial,3-Phase / CT,3.2,3-Phase,ABC,150.0,True,49.24,False,1,32.83,0.0105,0.0092,220.2,4.24,,
UTCC-1020,13.777493450006482,100.55979705000067,668623.0934921105,1523665.1314504414,Building,Commercial,3-Phase / CT,3.2,3-Phase,ABC,150.0,False,0.0,False,1,52.76,0.0169,0.0148,214.3,6.82,,
UTCC-1021,13.777397268007395,100.55960621961084,668602.5280683055,1523654.3570683382,Building,Commercial,3-Phase / CT,3.2,3-Phase,ABC,150.0,False,0.0,False,15,56.37,0.018,0.0158,213.3,7.27,,
UTCC-1022,13.777434689928901,100.55914343877133,668552.4608984261,1523658.1726192236,Building,Commercial,3-Phase 30(100) A,3.1,3-Phase,ABC,66.0,True,10.75,False,15,25.93,0.0083,0.0073,226.6,1.48,,
UTCC-1023,13.777516770413479,100.5591608962555,668554.2897067462,1523667.2653853975,Building,Commercial,3-Phase 30(100) A,3.1,3-Phase,ABC,66.0,False,0.0,False,15,16.75,0.0054,0.0047,227.8,0.96,,
UTCC-1024,13.777668496408914,100.55915502072948,668553.5455796344,1523684.046650745,Building,Commercial,3-Phase / CT,3.2,3-Phase,ABC,150.0,False,0.0,False,15,1.04,0.0003,0.0003,229.7,0.13,,
UTCC-1025,13.777641590898519,100.55930321796153,668569.5893730249,1523681.1739871663,Building,Commercial,3-Phase 30(100) A,3.1,3-Phase,ABC,66.0,False,0.0,False,15,15.27,0.0049,0.0043,228.0,0.87,,
UTCC-1026,13.77776495853189,100.55943864485509,668584.1445326161,1523694.9170376915,Building,Commercial,3-Phase 30(100) A,3.1,3-Phase,ABC,66.0,False,0.0,False,15,31.5,0.0101,0.0088,225.9,1.79,,
UTCC-1027,13.777636570278744,100.55944298361057,668584.7057702069,1523680.7165386365,Building,Commercial,3-Phase 30(100) A,3.1,3-Phase,ABC,66.0,False,0.0,False,15,30.3,0.0097,0.0085,226.0,1.72,,
UTCC-1028,13.777445672201475,100.55931610621539,668571.1234893138,1523659.5086166454,Building,Commercial,3-Phase 30(100) A,3.1,3-Phase,ABC,66.0,True,13.74,False,15,29.56,0.0095,0.0083,226.1,1.69,,
UTCC-1029,13.777428146782361,100.56011763091772,668657.8046513159,1523658.1317995938,Building,Commercial,3-Phase / CT,3.2,3-Phase,ABC,150.0,True,29.38,False,1,63.44,0.0203,0.0178,211.1,8.2,,
UTCC-1030,13.777580226025096,100.56012692431925,668658.7004142454,1523674.9627877527,Building,Commercial,3-Phase / CT,3.2,3-Phase,ABC,150.0,False,0.0,False,1,48.76,0.0156,0.0137,215.5,6.3,,
UTCC-1031,13.77771078325757,100.56004421779616,668649.6637088015,1523689.3482790664,Building,Commercial,3-Phase 30(100) A,3.1,3-Phase,ABC,66.0,False,0.0,False,1,31.77,0.0102,0.0089,225.8,1.81,,
UTCC-1032,13.777788693740614,100.560041145191,668649.2755642137,1523697.9653317628,Building,Commercial,3-Phase 30(100) A,3.1,3-Phase,ABC,66.0,False,0.0,False,1,24.46,0.0078,0.0068,226.8,1.38,,
UTCC-1033,13.777733826638677,100.56022011618546,668668.666985291,1523692.0209314963,Building,Commercial,3-Phase 30(100) A,3.1,3-Phase,ABC,66.0,False,0.0,False,1,42.87,0.0137,0.012,224.4,2.43,,
UTCC-1034,13.777404840356558,100.56046192517277,668695.0498085204,1523655.7949189495,Building,Commercial,3-Phase / CT,3.2,3-Phase,ABC,150.0,False,0.0,False,6,72.42,0.0232,0.0203,208.5,9.37,,
UTCC-1035,13.777586516193578,100.56045573290652,668694.2498455641,1523675.8893081355,Building,Commercial,3-Phase / CT,3.2,3-Phase,ABC,150.0,False,0.0,False,6,53.92,0.0173,0.0151,213.9,6.98,,
UTCC-1036,13.777771010598235,100.56045738136216,668694.2956725509,1523696.301015127,Building,Commercial,3-Phase 30(100) A,3.1,3-Phase,ABC,66.0,False,0.0,False,6,36.38,0.0116,0.0102,225.3,2.06,,
UTCC-1037,13.777756992767559,100.56060717535033,668710.5028896,1523694.8553172755,Building,Commercial,3-Phase / CT,3.2,3-Phase,ABC,150.0,False,0.0,False,6,30.66,0.0098,0.0086,220.9,3.96,,
UTCC-1038,13.777676882240565,100.56079710221817,668731.0971084597,1523686.1259768032,Building,Commercial,3-Phase / CT,3.2,3-Phase,ABC,150.0,False,0.0,False,6,41.28,0.0132,0.0116,217.7,5.34,,
UTCC-1039,13.778273505944632,100.5598044519766,668623.3342103581,1523751.4339301174,Building,Commercial,3-Phase 30(100) A,3.1,3-Phase,ABC,66.0,False,0.0,False,1,36.14,0.0116,0.0101,225.3,2.06,,
UTCC-1040,13.77811429319858,100.55981718534359,668624.8252914549,1523733.8292140022,Building,Commercial,3-Phase / CT,3.2,3-Phase,ABC,150.0,True,24.38,False,1,19.19,0.0061,0.0054,224.3,2.47,,
UTCC-1041,13.778029723173152,100.55974556558853,668617.1417678605,1523724.4230419197,Building,Commercial,3-Phase 30(100) A,3.1,3-Phase,ABC,66.0,False,0.0,False,1,18.21,0.0058,0.0051,227.6,1.03,,
UTCC-1042,13.777991234431427,100.55973421700725,668615.9422656988,1523720.1570894378,Building,Commercial,3-Phase 30(100) A,3.1,3-Phase,ABC,66.0,False,0.0,False,1,18.06,0.0058,0.0051,227.6,1.03,,
UTCC-1043,13.77795621627213,100.55972469813794,668614.9381188843,1523716.2763692664,Building,Commercial,3-Phase 30(100) A,3.1,3-Phase,ABC,66.0,True,4.03,False,1,18.76,0.006,0.0053,227.5,1.07,,
UTCC-1044,13.777923813411824,100.55971544660311,668613.9610021713,1523712.6851661475,Building,Commercial,3-Phase 30(100) A,3.1,3-Phase,ABC,66.0,False,0.0,False,1,20.16,0.0064,0.0056,227.4,1.14,,
UTCC-1045,13.777896874229413,100.55969090680213,668611.326853748,1523709.6876876364,Building,Commercial,3-Phase 30(100) A,3.1,3-Phase,ABC,66.0,False,0.0,False,1,23.47,0.0075,0.0066,226.9,1.33,,
UTCC-1046,13.777954378970472,100.55981956523303,668625.1973608867,1523716.1396328814,Building,Commercial,3-Phase 30(100) A,3.1,3-Phase,ABC,66.0,True,3.35,False,1,8.52,0.0027,0.0024,228.9,0.48,,
UTCC-1047,13.777949753985824,100.55984746785887,668628.2177740139,1523715.647539501,Building,Commercial,3-Phase 30(100) A,3.1,3-Phase,ABC,66.0,False,0.0,False,1,5.59,0.0018,0.0016,229.3,0.32,,
UTCC-1048,13.777942341061749,100.55987487287021,668631.1863808391,1523714.8466688148,Building,Commercial,3-Phase 30(100) A,3.1,3-Phase,ABC,66.0,True,2.92,False,1,3.18,0.001,0.0009,229.6,0.18,,
UTCC-1049,13.777943064457483,100.55990499896218,668634.4433789552,1523714.9478246898,Building,Commercial,3-Phase 30(100) A,3.1,3-Phase,ABC,66.0,False,0.0,False,1,2.01,0.0006,0.0006,229.7,0.11,,
UTCC-1050,13.777942405698704,100.55993088803166,668637.2432219768,1523714.8931023139,Building,Commercial,3-Phase 30(100) A,3.1,3-Phase,ABC,66.0,False,0.0,False,1,4.04,0.0013,0.0011,229.5,0.23,,
UTCC-1051,13.778011624337594,100.55999725775484,668644.3700748346,1523722.5972805575,Building,Commercial,3-Phase / CT,3.2,3-Phase,ABC,150.0,False,0.0,False,1,12.15,0.0039,0.0034,226.4,1.57,,
UTCC-1052,13.778033149127534,100.56018199244727,668664.3298806794,1523725.1081284934,Building,Commercial,3-Phase / CT,3.2,3-Phase,ABC,150.0,True,27.44,False,1,31.74,0.0102,0.0089,220.5,4.11,,
UTCC-1053,13.778066475224339,100.56041321158477,668689.3075493004,1523728.957175974,Building,Commercial,3-Phase 30(100) A,3.1,3-Phase,ABC,66.0,False,0.0,False,6,27.82,0.0089,0.0078,226.4,1.58,,
UTCC-1054,13.777962950006934,100.56041825000105,668689.9266548116,1523717.5077523543,Building,Commercial,3-Phase 30(100) A,3.1,3-Phase,ABC,66.0,True,7.23,False,6,27.89,0.0089,0.0078,226.4,1.58,,
UTCC-1055,13.778024200003452,100.5605617500009,668705.3992648001,1523724.3844910387,Building,Commercial,3-Phase / CT,3.2,3-Phase,ABC,150.0,True,15.16,False,6,11.44,0.0037,0.0032,226.6,1.49,,
UTCC-1056,13.778033199860422,100.56072788106557,668723.3564607442,1523725.4967039344,Building,Commercial,3-Phase / CT,3.2,3-Phase,ABC,150.0,False,0.0,False,6,6.56,0.0021,0.0018,228.1,0.84,,
UTCC-1057,13.778005011912775,100.56097125185312,668749.6922447351,1523722.5490581712,Building,Commercial,3-Phase / CT,3.2,3-Phase,ABC,150.0,True,19.98,False,6,32.95,0.0105,0.0092,220.2,4.24,,
UTCC-1058,13.778203913372273,100.56071465093802,668721.8033418462,1523744.3733988483,Building,Commercial,3-Phase 30(100) A,3.1,3-Phase,ABC,66.0,False,0.0,False,6,20.14,0.0064,0.0056,227.4,1.14,,
UTCC-1059,13.77818535000833,100.5605486000017,668703.8616881229,1523742.203234354,Building,Commercial,3-Phase 30(100) A,3.1,3-Phase,ABC,66.0,False,0.0,False,6,21.65,0.0069,0.0061,227.2,1.23,,
UTCC-1060,13.779336847434475,100.55996461400464,668639.8893869627,1523869.1833282507,Building,Commercial,3-Phase / CT,3.2,3-Phase,ABC,150.0,False,0.0,False,12,72.57,0.0232,0.0203,208.5,9.37,,
UTCC-1061,13.778949937703187,100.56091362358039,668742.782478654,1523827.0454486862,Building,Commercial,3-Phase / CT,3.2,3-Phase,ABC,150.0,True,42.77,False,13,10.58,0.0034,0.003,226.8,1.38,,
UTCC-1062,13.779020848562244,100.56118606121483,668772.1899684368,1523835.0815057405,Building,Commercial,3-Phase / CT,3.2,3-Phase,ABC,150.0,False,0.0,False,13,29.28,0.0094,0.0082,221.3,3.79,,
UTCC-1063,13.778721416835191,100.56082281320951,668733.1273147067,1523801.700532036,Building,Commercial,3-Phase 30(100) A,3.1,3-Phase,ABC,66.0,False,0.0,False,13,22.36,0.0072,0.0063,227.1,1.28,,
UTCC-1064,13.779863435253093,100.56079006786551,668728.7666427293,1523928.0186793853,Building,Commercial,3-Phase / CT,3.2,3-Phase,ABC,150.0,False,0.0,False,17,57.77,0.0185,0.0162,212.8,7.47,,
UTCC-1065,13.780511752008834,100.56046784317377,668693.459532359,1523999.5156394725,Building,Commercial,3-Phase / CT,3.2,3-Phase,ABC,150.0,False,0.0,False,17,44.62,0.0143,0.0125,216.7,5.77,,
UTCC-1066,13.780286304625774,100.56066879450157,668715.3499203569,1523974.7154771925,Building,Commercial,3-Phase / CT,3.2,3-Phase,ABC,150.0,False,0.0,False,17,23.03,0.0074,0.0064,223.2,2.98,,
UTCC-1067,13.781075604081522,100.56082619121504,668731.802202741,1524062.1458869718,Building,Commercial,3-Phase / CT,3.2,3-Phase,ABC,150.0,True,25.48,False,17,76.88,0.0246,0.0215,207.2,9.93,,
UTCC-1068,13.780448349004747,100.56012020141256,668655.9151382028,1523992.2574871606,Building,Commercial,3-Phase / CT,3.2,3-Phase,ABC,150.0,False,0.0,False,3,46.99,0.015,0.0132,216.0,6.07,,
UTCC-1069,13.77886173826705,100.55963150011685,668604.2110483935,1523816.3885676225,Building,Commercial,3-Phase / CT,3.2,3-Phase,ABC,150.0,True,39.68,False,12,22.4,0.0072,0.0063,223.3,2.91,,
UTCC-1070,13.780180699997715,100.5596129999995,668601.2643600713,1523962.291831749,Building,Commercial,3-Phase 30(100) A,3.1,3-Phase,ABC,66.0,True,8.21,False,3,17.26,0.0055,0.0048,227.8,0.98,,
UTCC-1071,13.781181107987038,100.56050836739792,668697.3607958726,1524073.594707906,Building,Commercial,3-Phase / CT,3.2,3-Phase,ABC,150.0,False,0.0,False,0,65.14,0.0208,0.0182,210.7,8.4,,
UTCC-1072,13.781211198192043,100.55835574155576,668464.5802732088,1524075.4140938655,Building,Commercial,3-Phase / CT,3.2,3-Phase,ABC,150.0,True,234.73,False,9,45.15,0.0144,0.0126,216.6,5.81,,
UTCC-1073,13.780040296961936,100.55854465576836,668485.8467156232,1523946.0101709976,Building,Commercial,3-Phase / CT,3.2,3-Phase,ABC,150.0,True,283.3,False,21,76.16,0.0244,0.0213,207.4,9.84,,
UTCC-1074,13.77939329206749,100.55811422143503,668439.7682967485,1523874.130713353,Building,Commercial,3-Phase / CT,3.2,3-Phase,ABC,150.0,False,0.0,False,21,29.56,0.0095,0.0083,221.2,3.83,,
UTCC-1075,13.780069363075013,100.55771762326967,668396.4001997516,1523948.646332185,Building,Commercial,3-Phase / CT,3.2,3-Phase,ABC,150.0,True,441.53,False,16,0.0,0.0,0.0,230.0,0.0,,
UTCC-1076,13.778932553127566,100.55784258064422,668410.7263112746,1523822.969097138,Building,Commercial,3-Phase / CT,3.2,3-Phase,ABC,150.0,False,0.0,False,8,48.19,0.0154,0.0135,215.7,6.22,,
UTCC-1077,13.778643668979939,100.5582718910592,668457.3542406393,1523791.310706632,Building,Commercial,3-Phase 30(100) A,3.1,3-Phase,ABC,66.0,False,0.0,False,8,53.22,0.017,0.0149,223.1,3.02,,
UTCC-1078,13.778424948136635,100.5585745356455,668490.2357148246,1523767.3257643436,Building,Commercial,3-Phase / CT,3.2,3-Phase,ABC,150.0,False,0.0,False,4,64.24,0.0206,0.018,210.9,8.31,,
UTCC-1079,13.778390970558338,100.55916593581466,668554.2076872453,1523763.9813188624,Building,Commercial,3-Phase / CT,3.2,3-Phase,ABC,150.0,False,0.0,False,12,66.6,0.0213,0.0186,210.2,8.59,,
UTCC-1080,13.778196227422667,100.5591330294194,668550.7892086168,1523742.413899545,Building,Commercial,3-Phase / CT,3.2,3-Phase,ABC,150.0,False,0.0,False,15,58.52,0.0187,0.0164,212.6,7.55,,
UTCC-1081,13.77881814399912,100.55900105518938,668536.0729441374,1523811.1237678425,Building,Commercial,3-Phase / CT,3.2,3-Phase,ABC,150.0,False,0.0,False,12,48.78,0.0156,0.0137,215.5,6.3,,
UTCC-1082,13.778801332724166,100.5591853784487,668556.0156893632,1523809.3931473135,Building,Commercial,3-Phase / CT,3.2,3-Phase,ABC,150.0,False,0.0,False,12,30.79,0.0099,0.0086,220.8,3.99,,
UTCC-1083,13.778780278858504,100.55928923419125,668567.2606085942,1523807.1367723958,Building,Commercial,3-Phase 30(100) A,3.1,3-Phase,ABC,66.0,True,18.67,False,12,23.13,0.0074,0.0065,227.0,1.32,,
UTCC-1084,13.778740099932612,100.55943339995692,668582.8779330287,1523802.7928658284,Building,Commercial,3-Phase / CT,3.2,3-Phase,ABC,150.0,False,0.0,False,12,21.18,0.0068,0.0059,223.7,2.74,,
UTCC-1085,13.779049403494938,100.5594531907593,668584.796016328,1523837.024873491,Building,Commercial,3-Phase 30(100) A,3.1,3-Phase,ABC,66.0,True,13.58,False,12,13.16,0.0042,0.0037,228.3,0.75,,
UTCC-1086,13.779118250001664,100.55955709999974,668595.9822178409,1523844.714193068,Building,Commercial,3-Phase 30(100) A,3.1,3-Phase,ABC,66.0,False,0.0,False,12,24.4,0.0078,0.0068,226.8,1.38,,
UTCC-1087,13.779290328306384,100.55960595006897,668601.1408665867,1523863.7854037825,Building,Commercial,3-Phase / CT,3.2,3-Phase,ABC,150.0,True,25.17,False,12,43.7,0.014,0.0122,217.0,5.65,,
UTCC-1088,13.779499640533823,100.55928150581934,668565.908965069,1523886.7140505277,Building,Commercial,3-Phase / CT,3.2,3-Phase,ABC,150.0,False,0.0,False,12,65.07,0.0208,0.0182,210.7,8.4,,
UTCC-1089,13.778976275777817,100.55861271930962,668493.9692089285,1523828.3456588492,Building,Commercial,3-Phase / CT,3.2,3-Phase,ABC,150.0,True,182.4,False,21,49.9,0.016,0.014,215.1,6.46,,
UTCC-1090,13.780127292997381,100.55932529550623,668570.1936508341,1523956.1816983442,Building,Commercial,3-Phase / CT,3.2,3-Phase,ABC,150.0,False,0.0,False,3,46.1,0.0148,0.0129,216.3,5.97,,
UTCC-1091,13.78081565301737,100.5590264784667,668537.3893336838,1524032.1252034958,Building,Commercial,3-Phase / CT,3.2,3-Phase,ABC,150.0,False,0.0,False,9,51.37,0.0164,0.0144,214.8,6.63,,
UTCC-1092,13.781219498950367,100.55913811101858,668549.170264175,1524076.8807824005,Building,Commercial,3-Phase / CT,3.2,3-Phase,ABC,150.0,False,0.0,False,9,39.47,0.0126,0.0111,218.3,5.1,,
UTCC-1093,13.780954599845032,100.55983020737817,668624.1952911954,1524048.0604231588,Building,Commercial,3-Phase / CT,3.2,3-Phase,ABC,150.0,False,0.0,False,19,21.68,0.0069,0.0061,223.6,2.79,,
UTCC-1094,13.78095364999668,100.56010699987188,668654.1250045393,1524048.1495002168,Building,Commercial,3-Phase / CT,3.2,3-Phase,ABC,150.0,True,40.79,False,19,35.55,0.0114,0.01,219.4,4.61,,
UTCC-1095,13.780489752124824,100.55948155880498,668586.8301125531,1523996.3899808077,Building,Commercial,3-Phase / CT,3.2,3-Phase,ABC,150.0,False,0.0,False,3,32.34,0.0103,0.0091,220.4,4.17,,
UTCC-1096,13.781587897003671,100.5585728862655,668487.7895475131,1524117.2403017296,Building,Commercial,3-Phase / CT,3.2,3-Phase,ABC,150.0,True,33.67,False,9,47.23,0.0151,0.0132,216.0,6.09,,
UTCC-1097,13.782328771268231,100.56104219659663,668754.2583905614,1524200.9350187075,Building,Commercial,3-Phase / CT,3.2,3-Phase,ABC,150.0,False,0.0,False,0,79.97,0.0256,0.0224,206.2,10.34,,
UTCC-1098,13.782262131657532,100.56032642189021,668676.9113414428,1524193.0603369882,Building,Commercial,3-Phase / CT,3.2,3-Phase,ABC,150.0,True,153.42,False,0,61.27,0.0196,0.0172,211.8,7.92,,
UTCC-1099,13.781847485119973,100.56037969291333,668682.9690902942,1524147.2255039096,Building,Commercial,3-Phase / CT,3.2,3-Phase,ABC,150.0,True,38.09,False,0,23.27,0.0074,0.0065,223.1,2.99,,
UTCC-1100,13.781966393859149,100.55987669052855,668628.4952882816,1524160.0274439699,Building,Commercial,3-Phase / CT,3.2,3-Phase,ABC,150.0,False,0.0,False,0,79.01,0.0253,0.0221,206.5,10.21,,
UTCC-1101,13.781683289911554,100.55909987431205,668544.7031269416,1524128.1629896595,Building,Commercial,3-Phase / CT,3.2,3-Phase,ABC,150.0,False,0.0,False,20,42.16,0.0135,0.0118,217.5,5.45,,
UTCC-1102,13.781388784546802,100.55986333581104,668627.4658111837,1524096.1173596547,Building,Commercial,3-Phase / CT,3.2,3-Phase,ABC,150.0,False,0.0,False,19,26.48,0.0085,0.0074,222.1,3.43,,
UTCC-1103,13.781286533184506,100.55976100459361,668616.4743344754,1524084.7335519525,Building,Commercial,3-Phase 30(100) A,3.1,3-Phase,ABC,66.0,True,9.53,False,19,17.73,0.0057,0.005,227.7,1.01,,
UTCC-1104,13.78116612171934,100.55967214281166,668606.9523012043,1524071.3501509908,Building,Commercial,3-Phase / CT,3.2,3-Phase,ABC,150.0,True,25.21,False,19,18.96,0.0061,0.0053,224.3,2.46,,
UTCC-1105,13.782321315701989,100.55946122175871,668583.3169997403,1524199.0009203765,Building,Commercial,3-Phase / CT,3.2,3-Phase,ABC,150.0,False,0.0,False,20,48.38,0.0155,0.0135,215.6,6.25,,
UTCC-1106,13.782188593232384,100.55873652478897,668505.0526040435,1524183.8097787234,Building,Commercial,3-Phase 30(100) A,3.1,3-Phase,ABC,66.0,False,0.0,False,20,41.55,0.0133,0.0116,224.6,2.36,,
UTCC-1107,13.781653228290807,100.56083332456679,668732.1587223622,1524126.0532828604,Building,Commercial,3-Phase / CT,3.2,3-Phase,ABC,150.0,True,73.9,False,0,30.29,0.0097,0.0085,221.0,3.92,,
UTCC-1108,13.781591500001769,100.56090295000091,668739.7314952719,1524119.2731706523,Building,Commercial,3-Phase 30(100) A,3.1,3-Phase,ABC,66.0,False,0.0,False,0,40.08,0.0128,0.0112,224.8,2.27,,
UTCC-1109,13.78129705068977,100.56075468216928,668723.9110584232,1524086.5942687693,Building,Commercial,3-Phase / CT,3.2,3-Phase,ABC,150.0,True,23.59,False,0,55.28,0.0177,0.0155,213.6,7.15,,
UTCC-1110,13.777387274781029,100.55780761732386,668408.0530344878,1523651.9911992147,Building,Commercial,3-Phase / CT,3.2,3-Phase,ABC,150.0,False,0.0,False,18,49.49,0.0158,0.0139,215.3,6.39,,
UTCC-1111,13.777482805603473,100.55765760282085,668391.7635858756,1523662.454674621,Building,Commercial,3-Phase / CT,3.2,3-Phase,ABC,150.0,True,18.03,False,18,33.02,0.0106,0.0092,220.2,4.27,,
UTCC-1112,13.777592873785483,100.55779022106827,668406.0246713967,1523674.7243352793,Building,Commercial,3-Phase 30(100) A,3.1,3-Phase,ABC,66.0,True,13.17,False,18,30.92,0.0099,0.0087,226.0,1.76,,
UTCC-1113,13.777562485341736,100.55791629783184,668419.6790639338,1523671.4507738664,Building,Commercial,3-Phase 30(100) A,3.1,3-Phase,ABC,66.0,True,10.09,False,18,44.05,0.0141,0.0123,224.2,2.5,,
UTCC-1114,13.777454189711793,100.55820142139412,668450.5869533303,1523659.66979023,Building,Commercial,3-Phase 30(100) A,3.1,3-Phase,ABC,66.0,True,18.13,False,4,50.7,0.0162,0.0142,223.4,2.88,,
UTCC-1115,13.777412800004816,100.55836989999403,668468.8341407361,1523655.2088912202,Building,Commercial,3-Phase / CT,3.2,3-Phase,ABC,150.0,True,20.68,False,4,50.78,0.0162,0.0142,214.9,6.54,,
UTCC-1116,13.777341830378381,100.55852778907767,668485.9574993532,1523647.468171618,Building,Commercial,3-Phase / CT,3.2,3-Phase,ABC,150.0,True,20.13,False,4,60.26,0.0193,0.0169,212.1,7.79,,
UTCC-1117,13.777715290407327,100.5573831396898,668361.9194809909,1523687.9821750068,Building,Commercial,3-Phase 30(100) A,3.1,3-Phase,ABC,66.0,False,0.0,False,18,20.75,0.0066,0.0058,227.3,1.17,,
UTCC-1118,13.77784930274294,100.557435797048,668367.5172897457,1523702.8447615958,Building,Commercial,3-Phase / CT,3.2,3-Phase,ABC,150.0,False,0.0,False,18,16.83,0.0054,0.0047,225.0,2.18,,
UTCC-1119,13.777979714005667,100.55749365152884,668373.6796322444,1523717.3126043645,Building,Commercial,3-Phase / CT,3.2,3-Phase,ABC,150.0,True,17.39,False,18,24.75,0.0079,0.0069,222.7,3.19,,
UTCC-1120,13.778136141156681,100.55752341240787,668376.7855889187,1523734.6389024956,Building,Commercial,3-Phase / CT,3.2,3-Phase,ABC,150.0,True,28.98,False,18,41.01,0.0131,0.0115,217.8,5.29,,
UTCC-1121,13.778302096914993,100.55755878972626,668380.492014285,1523753.0232797638,Building,Commercial,3-Phase / CT,3.2,3-Phase,ABC,150.0,True,17.26,False,8,34.17,0.0109,0.0096,219.9,4.41,,
UTCC-1122,13.778441862557138,100.55757442690263,668382.0827135433,1523768.4964350793,Building,Commercial,3-Phase 30(100) A,3.1,3-Phase,ABC,66.0,False,0.0,False,8,25.46,0.0081,0.0071,226.7,1.44,,
UTCC-1123,13.7785827113727,100.55758675673165,668383.3150134826,1523784.0871057701,Building,Commercial,3-Phase 30(100) A,3.1,3-Phase,ABC,66.0,False,0.0,False,8,25.12,0.008,0.007,226.7,1.42,,
UTCC-1124,13.778558778667012,100.55765499164244,668390.7103360555,1523781.4872262527,Building,Commercial,3-Phase 30(100) A,3.1,3-Phase,ABC,66.0,True,5.93,False,8,17.29,0.0055,0.0048,227.8,0.98,,
UTCC-1125,13.778535761796556,100.5577202692718,668397.7852360398,1523778.9865960144,Building,Commercial,3-Phase 30(100) A,3.1,3-Phase,ABC,66.0,False,0.0,False,8,9.8,0.0031,0.0027,228.7,0.55,,
UTCC-1126,13.778505367897942,100.55795013662194,668422.6623584053,1523775.7851287357,Building,Commercial,3-Phase / CT,3.2,3-Phase,ABC,150.0,False,0.0,False,8,15.97,0.0051,0.0045,225.3,2.06,,
UTCC-1127,13.778436623604312,100.55807384690394,668436.0883061474,1523768.2666336035,Building,Commercial,3-Phase 30(100) A,3.1,3-Phase,ABC,66.0,False,0.0,False,8,30.13,0.0096,0.0084,226.1,1.71,,
UTCC-1128,13.778343856260527,100.55819493009936,668449.2474157483,1523758.0886451183,Building,Commercial,3-Phase / CT,3.2,3-Phase,ABC,150.0,False,0.0,False,8,45.75,0.0146,0.0128,216.4,5.9,,
UTCC-1129,13.779067931457963,100.5582744339988,668457.3250950458,1523838.2484563882,Building,Commercial,3-Phase / CT,3.2,3-Phase,ABC,150.0,True,1147.21,False,21,35.49,0.0114,0.0099,219.4,4.59,,
UTCC-1130,13.77751501368327,100.5588244905174,668517.9155534852,1523666.8352664576,Building,Commercial,3-Phase 30(100) A,3.1,3-Phase,ABC,66.0,False,0.0,False,15,40.5,0.013,0.0113,224.7,2.3,,
UTCC-1131,13.777478396337388,100.5589450034676,668530.9728243294,1523662.868761715,Building,Commercial,3-Phase 30(100) A,3.1,3-Phase,ABC,66.0,False,0.0,False,15,31.7,0.0101,0.0089,225.9,1.8,,
UTCC-1132,13.777627857016585,100.55886840168083,668522.582739576,1523679.3498484893,Building,Commercial,3-Phase / CT,3.2,3-Phase,ABC,150.0,False,0.0,False,15,32.34,0.0104,0.0091,220.3,4.2,,
UTCC-1133,13.777745614587406,100.55889567500746,668525.447356286,1523692.396431684,Building,Commercial,3-Phase 30(100) A,3.1,3-Phase,ABC,66.0,True,16.06,False,15,30.32,0.0097,0.0085,226.0,1.72,,
UTCC-1134,13.778031198053089,100.5588473220785,668520.0142121548,1523723.9565217344,Building,Commercial,3-Phase / CT,3.2,3-Phase,ABC,150.0,False,0.0,False,4,51.9,0.0166,0.0145,214.6,6.7,,
UTCC-1135,13.777743392961343,100.55873379876257,668507.9453563102,1523692.0372131336,Building,Commercial,3-Phase 30(100) A,3.1,3-Phase,ABC,66.0,False,0.0,False,4,39.14,0.0125,0.011,224.9,2.22,,
UTCC-1136,13.77778511587549,100.55865444925459,668499.3354243714,1523696.5973979172,Building,Commercial,3-Phase 30(100) A,3.1,3-Phase,ABC,66.0,True,7.55,False,4,29.5,0.0094,0.0083,226.1,1.67,,
UTCC-1137,13.777839647674208,100.55855279423936,668488.304431692,1523702.5589974567,Building,Commercial,3-Phase 30(100) A,3.1,3-Phase,ABC,66.0,False,0.0,False,4,17.29,0.0055,0.0048,227.8,0.98,,
UTCC-1138,13.777818823138196,100.55859872071468,668493.2853637342,1523700.2873682245,Building,Commercial,3-Phase 30(100) A,3.1,3-Phase,ABC,66.0,True,6.35,False,4,22.65,0.0072,0.0063,227.1,1.28,,
UTCC-1139,13.777860599998668,100.55850649998412,668483.2836411743,1523704.8445070449,Building,Commercial,3-Phase 30(100) A,3.1,3-Phase,ABC,66.0,True,6.46,False,4,11.98,0.0038,0.0034,228.4,0.68,,
UTCC-1140,13.777891978411553,100.55845233264499,668477.4040660954,1523708.2779348653,Building,Commercial,3-Phase 30(100) A,3.1,3-Phase,ABC,66.0,True,8.21,False,4,6.5,0.0021,0.0018,229.1,0.37,,
UTCC-1141,13.777915263519947,100.55839961617458,668471.6871755437,1523710.8170217078,Building,Commercial,3-Phase 30(100) A,3.1,3-Phase,ABC,66.0,True,7.83,False,4,4.9,0.0016,0.0014,229.3,0.28,,
UTCC-1142,13.777936749997632,100.55835094998055,668466.4095292566,1523713.1599655612,Building,Commercial,3-Phase 30(100) A,3.1,3-Phase,ABC,66.0,False,0.0,False,4,8.76,0.0028,0.0025,228.8,0.5,,
UTCC-1143,13.777939337150205,100.55829665346138,668460.536626969,1523713.408142206,Building,Commercial,3-Phase 30(100) A,3.1,3-Phase,ABC,66.0,True,4.35,False,4,13.15,0.0042,0.0037,228.3,0.75,,
UTCC-1144,13.777957371571688,100.55825753671111,668456.2940318062,1523715.3758785771,Building,Commercial,3-Phase 30(100) A,3.1,3-Phase,ABC,66.0,False,0.0,False,4,17.77,0.0057,0.005,227.7,1.01,,
UTCC-1145,13.777974463777813,100.55822049270584,668452.2762372026,1523717.2408307425,Building,Commercial,3-Phase 30(100) A,3.1,3-Phase,ABC,66.0,True,3.88,False,4,22.17,0.0071,0.0062,227.1,1.26,,
UTCC-1146,13.778003567052142,100.55818302265534,668448.2037667489,1523720.4342639837,Building,Commercial,3-Phase 30(100) A,3.1,3-Phase,ABC,66.0,False,0.0,False,4,27.31,0.0087,0.0076,226.4,1.54,,
UTCC-1147,13.778029982850144,100.55812562775348,668441.9787630169,1523723.3164262085,Building,Commercial,3-Phase 30(100) A,3.1,3-Phase,ABC,66.0,False,0.0,False,4,34.13,0.0109,0.0096,225.5,1.94,,
UTCC-1148,13.778074149998435,100.5580283999815,668431.4339392716,1523728.1345121418,Building,Commercial,3-Phase 30(100) A,3.1,3-Phase,ABC,66.0,True,7.32,False,4,45.68,0.0146,0.0128,224.0,2.6,,
UTCC-1149,13.778052123957545,100.55807683761638,668436.6872514669,1523725.7317101103,Building,Commercial,3-Phase 30(100) A,3.1,3-Phase,ABC,66.0,False,0.0,False,4,39.92,0.0128,0.0112,224.8,2.27,,
UTCC-1150,13.77812811350911,100.55788808712047,668416.2233411776,1523734.006192156,Building,Commercial,3-Phase / CT,3.2,3-Phase,ABC,150.0,True,42.86,False,8,42.03,0.0134,0.0118,217.5,5.42,,
UTCC-1151,13.777931000016519,100.55781770001053,668408.7536767978,1523712.1503229225,Building,Commercial,3-Phase 30(100) A,3.1,3-Phase,ABC,66.0,False,0.0,False,18,32.53,0.0104,0.0091,225.8,1.85,,
UTCC-1152,13.777869153747089,100.55801301472954,668429.9172503056,1523705.4450960034,Building,Commercial,3-Phase / CT,3.2,3-Phase,ABC,150.0,False,0.0,False,4,41.43,0.0133,0.0116,217.7,5.36,,
UTCC-1153,13.777804053387797,100.55818133085897,668448.163827022,1523698.3609738417,Building,Commercial,3-Phase 30(100) A,3.1,3-Phase,ABC,66.0,False,0.0,False,4,24.39,0.0078,0.0068,226.8,1.38,,
UTCC-1154,13.777751678865867,100.55836032225184,668467.5556036547,1523692.6921959594,Building,Commercial,3-Phase 30(100) A,3.1,3-Phase,ABC,66.0,True,15.13,False,4,13.77,0.0044,0.0039,228.2,0.78,,
UTCC-1155,13.777666755483223,100.55850358050279,668483.1069167193,1523683.3975291203,Building,Commercial,3-Phase / CT,3.2,3-Phase,ABC,150.0,False,0.0,False,4,25.41,0.0081,0.0071,222.5,3.27,,
UTCC-1156,13.777596397400075,100.55865537642144,668499.5709736226,1523675.7202055193,Building,Commercial,3-Phase 30(100) A,3.1,3-Phase,ABC,66.0,False,0.0,False,4,41.34,0.0132,0.0116,224.6,2.35,,
UTCC-1157,13.778107868352963,100.55863625731395,668497.1369522697,1523732.2906158448,Building,Commercial,3-Phase / CT,3.2,3-Phase,ABC,150.0,False,0.0,False,4,36.88,0.0118,0.0103,219.1,4.76,,
UTCC-1158,13.778235834650925,100.5583883748765,668470.2418717002,1523746.2737864628,Building,Commercial,3-Phase / CT,3.2,3-Phase,ABC,150.0,True,44.45,False,4,40.36,0.0129,0.0113,218.0,5.21,,
UTCC-1159,13.77797980339424,100.55924107611702,668562.6274408529,1523718.5467359216,Building,Commercial,3-Phase / CT,3.2,3-Phase,ABC,150.0,False,0.0,False,15,35.46,0.0113,0.0099,219.5,4.56,,
UTCC-1160,13.777951151759249,100.55948329829705,668588.8393292117,1523715.5468258285,Building,Commercial,3-Phase 30(100) A,3.1,3-Phase,ABC,66.0,True,11.18,False,1,44.87,0.0144,0.0126,224.1,2.56,,
UTCC-1161,13.778345388227445,100.55957539920414,668598.5153353987,1523759.2256255078,Building,Commercial,3-Phase / CT,3.2,3-Phase,ABC,150.0,True,63.9,False,1,55.1,0.0176,0.0154,213.7,7.11,,
UTCC-1162,13.778490630679578,100.55967557645336,668609.2432242441,1523775.363984496,Building,Commercial,3-Phase 30(100) A,3.1,3-Phase,ABC,66.0,False,0.0,False,12,55.17,0.0177,0.0154,222.8,3.14,,
UTCC-1163,13.778248429766107,100.55990400281897,668634.1165635101,1523748.7295750456,Building,Commercial,3-Phase 30(100) A,3.1,3-Phase,ABC,66.0,False,0.0,False,1,31.92,0.0102,0.0089,225.8,1.81,,
UTCC-1164,13.778237268169491,100.56003273643115,668648.0444472568,1523747.5850566674,Building,Commercial,3-Phase / CT,3.2,3-Phase,ABC,150.0,False,0.0,False,1,33.95,0.0109,0.0095,219.9,4.4,,
UTCC-1165,13.778229039725817,100.56020842410535,668667.0473385421,1523746.7979741513,Building,Commercial,3-Phase / CT,3.2,3-Phase,ABC,150.0,False,0.0,False,1,44.85,0.0144,0.0126,216.6,5.81,,
UTCC-1166,13.77819300000039,100.56039964999997,668687.7503312686,1523742.9450534913,Building,Commercial,3-Phase 30(100) A,3.1,3-Phase,ABC,66.0,True,10.45,False,6,34.24,0.011,0.0096,225.5,1.95,,
UTCC-1167,13.77848068754653,100.56057770292344,668706.7965648844,1523774.8967432529,Building,Commercial,3-Phase 30(100) A,3.1,3-Phase,ABC,66.0,False,0.0,False,6,51.03,0.0163,0.0143,223.3,2.9,,
UTCC-1168,13.77890053690251,100.56140328865958,668795.7649677009,1523821.9239488544,Building,Commercial,3-Phase / CT,3.2,3-Phase,ABC,150.0,False,0.0,False,13,47.56,0.0152,0.0133,215.9,6.14,,
UTCC-1169,13.778831711721056,100.56116235245109,668769.7621891568,1523814.1407144163,Building,Commercial,3-Phase / CT,3.2,3-Phase,ABC,150.0,True,20.19,False,13,21.75,0.007,0.0061,223.5,2.82,,
UTCC-1170,13.778671279141955,100.56115463040867,668769.0424217846,1523796.3866883377,Building,Commercial,3-Phase 30(100) A,3.1,3-Phase,ABC,66.0,True,10.34,False,13,29.96,0.0096,0.0084,226.1,1.71,,
UTCC-1171,13.778593503020005,100.56114015740414,668767.5333197325,1523787.7721820946,Building,Commercial,3-Phase 30(100) A,3.1,3-Phase,ABC,66.0,False,0.0,False,13,35.85,0.0115,0.01,225.3,2.04,,
UTCC-1172,13.77848881688735,100.56109028377209,668762.2156975301,1523776.1557840004,Building,Commercial,3-Phase / CT,3.2,3-Phase,ABC,150.0,False,0.0,False,13,44.14,0.0141,0.0124,216.9,5.7,,
UTCC-1173,13.778317782883418,100.56108044675261,668761.2748423291,1523757.2274426918,Building,Commercial,3-Phase 30(100) A,3.1,3-Phase,ABC,66.0,False,0.0,False,6,54.99,0.0176,0.0154,222.8,3.13,,
UTCC-1174,13.778103700007524,100.56100160000506,668752.902914266,1523733.4881876009,Building,Commercial,3-Phase 30(100) A,3.1,3-Phase,ABC,66.0,False,0.0,False,6,37.09,0.0119,0.0104,225.1,2.11,,
UTCC-1175,13.77814305000752,100.56101115000506,668753.9072959163,1523737.8481674283,Building,Commercial,3-Phase 30(100) A,3.1,3-Phase,ABC,66.0,True,3.85,False,6,39.29,0.0126,0.011,224.9,2.24,,
UTCC-1176,13.778202050006323,100.56102545000323,668755.4111821216,1523744.3853539154,Building,Commercial,3-Phase 30(100) A,3.1,3-Phase,ABC,66.0,True,7.72,False,6,43.24,0.0138,0.0121,224.4,2.45,,
UTCC-1177,13.77845306193198,100.56073235724173,668723.5390480151,1523771.9490441922,Building,Commercial,3-Phase 30(100) A,3.1,3-Phase,ABC,66.0,False,0.0,False,6,47.57,0.0152,0.0133,223.8,2.7,,
UTCC-1178,13.778572147608518,100.5607817417472,668728.7934608075,1523785.15810591,Building,Commercial,3-Phase / CT,3.2,3-Phase,ABC,150.0,False,0.0,False,13,38.28,0.0123,0.0107,218.6,4.96,,
UTCC-1179,13.777768376991135,100.56093289662824,668745.7148131792,1523696.3432987381,Building,Commercial,3-Phase 30(100) A,3.1,3-Phase,ABC,66.0,True,19.62,False,14,35.51,0.0114,0.0099,225.4,2.02,,
UTCC-1180,13.777750049995324,100.56105494999872,668758.9255497475,1523694.4014426172,Building,Commercial,3-Phase 30(100) A,3.1,3-Phase,ABC,66.0,True,3.29,False,14,22.24,0.0071,0.0062,227.1,1.26,,
UTCC-1181,13.77774924999532,100.56109159999872,668762.889073026,1523694.3386600418,Building,Commercial,3-Phase 30(100) A,3.1,3-Phase,ABC,66.0,True,3.3,False,14,18.45,0.0059,0.0052,227.6,1.05,,
UTCC-1182,13.777748449995325,100.56112824999872,668766.852596393,1523694.2758780692,Building,Commercial,3-Phase 30(100) A,3.1,3-Phase,ABC,66.0,False,0.0,False,14,14.75,0.0047,0.0041,228.1,0.83,,
UTCC-1183,13.777747649995323,100.56116489999872,668770.8161198486,1523694.213096698,Building,Commercial,3-Phase 30(100) A,3.1,3-Phase,ABC,66.0,True,3.3,False,14,11.23,0.0036,0.0031,228.5,0.64,,
UTCC-1184,13.777746849995323,100.56120154999871,668774.7796433934,1523694.1503159285,Building,Commercial,3-Phase 30(100) A,3.1,3-Phase,ABC,66.0,True,3.29,False,14,8.13,0.0026,0.0023,228.9,0.46,,
UTCC-1185,13.777745999995325,100.56123814999873,668778.7377964533,1523694.0819691832,Building,Commercial,3-Phase 30(100) A,3.1,3-Phase,ABC,66.0,False,0.0,False,14,6.13,0.002,0.0017,229.2,0.35,,
UTCC-1186,13.777745149995324,100.56127479999871,668782.7013560816,1523694.0136581322,Building,Commercial,3-Phase 30(100) A,3.1,3-Phase,ABC,66.0,True,3.3,False,14,6.35,0.002,0.0018,229.2,0.36,,
UTCC-1187,13.777744350950474,100.5613114500432,668786.6648840182,1523693.9509848661,Building,Commercial,3-Phase 30(100) A,3.1,3-Phase,ABC,66.0,False,0.0,False,14,8.64,0.0028,0.0024,228.9,0.49,,
UTCC-1188,13.777743149997361,100.56136639999919,668792.6074625875,1523693.8566945253,Building,Commercial,3-Phase 30(100) A,3.1,3-Phase,ABC,66.0,True,6.6,False,14,13.59,0.0044,0.0038,228.2,0.78,,
UTCC-1189,13.777644328949243,100.56141908999415,668798.3757823072,1523682.9611382175,Building,Commercial,3-Phase / CT,3.2,3-Phase,ABC,150.0,False,0.0,False,14,18.84,0.006,0.0053,224.4,2.43,,
UTCC-1190,13.777403486625364,100.56139441274009,668795.8804051197,1523656.2995048293,Building,Commercial,3-Phase 30(100) A,3.1,3-Phase,ABC,66.0,False,0.0,False,14,35.47,0.0114,0.0099,225.4,2.02,,
UTCC-1191,13.777563920075005,100.56106626747517,668760.2829493929,1523673.8178928453,Building,Commercial,3-Phase / CT,3.2,3-Phase,ABC,150.0,False,0.0,False,14,24.59,0.0079,0.0069,222.7,3.19,,
UTCC-1192,13.777616306833648,100.56123977392168,668779.0065238953,1523679.735195726,Building,Commercial,3-Phase 30(100) A,3.1,3-Phase,ABC,66.0,True,7.99,False,14,8.51,0.0027,0.0024,228.9,0.48,,
UTCC-1193,13.777427982824058,100.56151399024465,668808.7926971825,1523659.0934504534,Building,Commercial,3-Phase 30(100) A,3.1,3-Phase,ABC,66.0,False,0.0,False,14,40.72,0.013,0.0114,224.7,2.31,,
UTCC-1194,13.777451870142102,100.56184323752821,668844.376963359,1523661.9672497117,Building,Commercial,3-Phase 30(100) A,3.1,3-Phase,ABC,66.0,True,8.06,False,5,47.2,0.0151,0.0132,223.8,2.68,,
UTCC-1195,13.777541797792685,100.56183727711341,668843.6678638171,1523671.9117344755,Building,Commercial,3-Phase 30(100) A,3.1,3-Phase,ABC,66.0,True,8.03,False,5,42.34,0.0135,0.0119,224.5,2.4,,
UTCC-1196,13.777634694524561,100.56182877604041,668842.6819109339,1523682.1829039739,Building,Commercial,3-Phase 30(100) A,3.1,3-Phase,ABC,66.0,False,0.0,False,5,39.64,0.0127,0.0111,224.8,2.26,,
UTCC-1197,13.777717950009308,100.56182335000075,668842.0353865599,1523691.3896242366,Building,Commercial,3-Phase 30(100) A,3.1,3-Phase,ABC,66.0,False,0.0,False,5,39.18,0.0125,0.011,224.9,2.22,,
UTCC-1198,13.777802096782588,100.56181750830068,668841.3432767796,1523700.6946556668,Building,Commercial,3-Phase 30(100) A,3.1,3-Phase,ABC,66.0,False,0.0,False,5,40.93,0.0131,0.0115,224.6,2.33,,
UTCC-1199,13.77799555000676,100.56180625000077,668839.986949125,1523722.0884249636,Building,Commercial,3-Phase 30(100) A,3.1,3-Phase,ABC,66.0,True,7.59,False,5,51.35,0.0164,0.0144,223.3,2.92,,
UTCC-1200,13.77809293583279,100.56180163177272,668839.417622194,1523732.8589481402,Building,Commercial,3-Phase 30(100) A,3.1,3-Phase,ABC,66.0,False,0.0,False,5,58.82,0.0188,0.0165,222.3,3.34,,
UTCC-1201,13.778103420636398,100.56196417757131,668856.9860774314,1523734.1330163851,Building,Commercial,3-Phase 30(100) A,3.1,3-Phase,ABC,66.0,False,0.0,False,5,49.06,0.0157,0.0137,223.6,2.79,,
UTCC-1202,13.778002950015363,100.56197205000106,668857.9095032079,1523723.0235079608,Building,Commercial,3-Phase 30(100) A,3.1,3-Phase,ABC,66.0,False,0.0,False,5,39.23,0.0126,0.011,224.9,2.24,,
UTCC-1203,13.777868461967214,100.5619690397649,668857.680631365,1523708.1430191956,Building,Commercial,3-Phase / CT,3.2,3-Phase,ABC,150.0,False,0.0,False,5,28.84,0.0092,0.0081,221.4,3.72,,
UTCC-1204,13.777901200005198,100.56181885000078,668841.4171604217,1523711.6593585878,Building,Commercial,3-Phase 30(100) A,3.1,3-Phase,ABC,66.0,True,8.48,False,5,44.63,0.0143,0.0125,224.2,2.54,,
UTCC-1205,13.777729519356427,100.56199041074187,668860.0912899738,1523692.7868443925,Building,Commercial,3-Phase 30(100) A,3.1,3-Phase,ABC,66.0,True,11.75,False,5,21.17,0.0068,0.0059,227.2,1.2,,
UTCC-1206,13.777638576302994,100.5619952183448,668860.6764726024,1523682.7292160527,Building,Commercial,3-Phase 30(100) A,3.1,3-Phase,ABC,66.0,False,0.0,False,5,22.32,0.0071,0.0063,227.1,1.27,,
UTCC-1207,13.777551120174598,100.56199618082252,668860.8433777725,1523673.0546451863,Building,Commercial,3-Phase 30(100) A,3.1,3-Phase,ABC,66.0,True,11.97,False,5,27.47,0.0088,0.0077,226.4,1.56,,
UTCC-1208,13.777415541117488,100.56199552612394,668860.8699912411,1523658.055112862,Building,Commercial,3-Phase / CT,3.2,3-Phase,ABC,150.0,False,0.0,False,5,39.13,0.0125,0.011,218.4,5.06,,
UTCC-1209,13.777486436900318,100.56168288720421,668827.0134949709,1523665.6787775946,Building,Commercial,3-Phase 30(100) A,3.1,3-Phase,ABC,66.0,False,0.0,False,14,51.87,0.0166,0.0145,223.2,2.95,,
UTCC-1210,13.778249677036877,100.56190262652271,668850.2255205901,1523750.2700989358,Building,Commercial,3-Phase / CT,3.2,3-Phase,ABC,150.0,False,0.0,False,2,55.55,0.0178,0.0156,213.5,7.19,,
UTCC-1211,13.778361200026986,100.56190140000233,668850.0127749218,1523762.6069946655,Building,Commercial,3-Phase / CT,3.2,3-Phase,ABC,150.0,False,0.0,False,2,54.82,0.0175,0.0153,213.8,7.06,,
UTCC-1212,13.77850730002322,100.56189095000269,668848.7778588645,1523778.7626581606,Building,Commercial,3-Phase / CT,3.2,3-Phase,ABC,150.0,False,0.0,False,2,58.88,0.0188,0.0165,212.5,7.6,,
UTCC-1213,13.778527698334289,100.56207539273932,668868.706859731,1523781.1488427704,Building,Commercial,3-Phase 30(100) A,3.1,3-Phase,ABC,66.0,True,6.23,False,2,41.52,0.0133,0.0116,224.6,2.36,,
UTCC-1214,13.778518774739325,100.56217794291334,668879.8019468017,1523780.233650469,Building,Commercial,3-Phase 30(100) A,3.1,3-Phase,ABC,66.0,False,0.0,False,2,31.77,0.0102,0.0089,225.8,1.81,,
UTCC-1215,13.778522046673075,100.56229790510264,668892.7710197131,1523780.6798809685,Building,Commercial,3-Phase 30(100) A,3.1,3-Phase,ABC,66.0,False,0.0,False,2,23.38,0.0075,0.0065,226.9,1.33,,
UTCC-1216,13.778536726013181,100.56239755589795,668903.53563828,1523782.3738488392,Building,Commercial,3-Phase 30(100) A,3.1,3-Phase,ABC,66.0,True,6.46,False,2,21.78,0.007,0.0061,227.1,1.24,,
UTCC-1217,13.778529199999264,100.56250085000072,668914.7101637676,1523781.6138079541,Building,Commercial,3-Phase 30(100) A,3.1,3-Phase,ABC,66.0,False,0.0,False,2,23.21,0.0074,0.0065,227.0,1.32,,
UTCC-1218,13.778588653604041,100.56266127675492,668932.0142581945,1523788.3038488606,Building,Commercial,3-Phase / CT,3.2,3-Phase,ABC,150.0,True,25.18,False,2,38.82,0.0124,0.0109,218.5,5.01,,
UTCC-1219,13.778560240379681,100.56283152583113,668950.4435912336,1523785.2801171746,Building,Commercial,3-Phase / CT,3.2,3-Phase,ABC,150.0,True,11.56,False,2,51.88,0.0166,0.0145,214.6,6.7,,
UTCC-1220,13.77846418136596,100.56293190940279,668961.3670542624,1523774.7236659757,Building,Commercial,3-Phase / CT,3.2,3-Phase,ABC,150.0,True,27.98,False,2,58.3,0.0187,0.0163,212.7,7.54,,
UTCC-1221,13.778275050007899,100.5627097000006,668937.4756526512,1523753.6439798158,Building,Commercial,3-Phase 30(100) A,3.1,3-Phase,ABC,66.0,False,0.0,False,2,33.42,0.0107,0.0094,225.6,1.9,,
UTCC-1222,13.778375950007868,100.56270160000078,668936.5272764165,1523764.8008314397,Building,Commercial,3-Phase 30(100) A,3.1,3-Phase,ABC,66.0,False,0.0,False,2,32.0,0.0102,0.009,225.8,1.82,,
UTCC-1223,13.778168804847581,100.56265415445176,668931.5459128474,1523741.8510802088,Building,Commercial,3-Phase / CT,3.2,3-Phase,ABC,150.0,False,0.0,False,2,32.68,0.0105,0.0092,220.2,4.24,,
UTCC-1224,13.778019232399085,100.56266806746328,668933.157829461,1523725.3136916622,Building,Commercial,3-Phase / CT,3.2,3-Phase,ABC,150.0,False,0.0,False,2,45.29,0.0145,0.0127,216.5,5.86,,
UTCC-1225,13.777875100009444,100.56257710000088,668923.4251543491,1523709.3044557942,Building,Commercial,3-Phase 30(100) A,3.1,3-Phase,ABC,66.0,False,0.0,False,5,45.82,0.0147,0.0128,224.0,2.61,,
UTCC-1226,13.777768750006707,100.56259830000089,668925.7939393353,1523697.553874728,Building,Commercial,3-Phase 30(100) A,3.1,3-Phase,ABC,66.0,True,9.56,False,5,44.99,0.0144,0.0126,224.1,2.56,,
UTCC-1227,13.777614849464987,100.56259817497534,668925.8910334983,1523680.5278090457,Building,Commercial,3-Phase / CT,3.2,3-Phase,ABC,150.0,True,20.62,False,5,45.99,0.0147,0.0129,216.3,5.94,,
UTCC-1228,13.777476464052862,100.56260634794943,668926.8742361862,1523665.2240075646,Building,Commercial,3-Phase 30(100) A,3.1,3-Phase,ABC,66.0,True,7.11,False,5,52.66,0.0169,0.0147,223.1,3.0,,
UTCC-1229,13.777510538426949,100.56276952928044,668944.4945038098,1523669.1082851586,Building,Commercial,3-Phase / CT,3.2,3-Phase,ABC,150.0,False,0.0,False,5,67.11,0.0215,0.0188,210.0,8.68,,
UTCC-1230,13.777675795933616,100.56275816924006,668943.1473582841,1523687.3827012144,Building,Commercial,3-Phase 30(100) A,3.1,3-Phase,ABC,66.0,False,0.0,False,5,62.06,0.0199,0.0174,221.9,3.53,,
UTCC-1231,13.777776150010478,100.56275725000087,668942.9758261023,1523698.484202215,Building,Commercial,3-Phase / CT,3.2,3-Phase,ABC,150.0,False,0.0,False,5,62.16,0.0199,0.0174,211.5,8.03,,
UTCC-1232,13.777880122599923,100.56275214338868,668942.3489135244,1523709.9830765363,Building,Commercial,3-Phase 30(100) A,3.1,3-Phase,ABC,66.0,True,9.52,False,2,63.05,0.0202,0.0177,221.7,3.59,,
UTCC-1233,13.778267350009031,100.56255160000119,668920.3859284503,1523752.6810607282,Building,Commercial,3-Phase 30(100) A,3.1,3-Phase,ABC,66.0,True,11.03,False,2,17.5,0.0056,0.0049,227.7,0.99,,
UTCC-1234,13.778371506245739,100.56254163724402,668919.2338004939,1523764.1968402488,Building,Commercial,3-Phase / CT,3.2,3-Phase,ABC,150.0,False,0.0,False,2,14.87,0.0048,0.0042,225.5,1.94,,
UTCC-1235,13.782361466677402,100.56251876665547,668913.8927086589,1524205.5891570617,Building,Commercial,3-Phase 30(100) A,3.1,3-Phase,ABC,66.0,False,0.0,False,7,59.18,0.0189,0.0166,222.3,3.36,,
UTCC-1236,13.782915250054693,100.56163240001027,668817.6541883168,1524266.2314203107,Building,Commercial,3-Phase / CT,3.2,3-Phase,ABC,150.0,False,0.0,False,7,54.8,0.0175,0.0153,213.8,7.06,,
UTCC-1237,13.782776879445697,100.56171504129465,668826.6893922874,1524250.981555273,Building,Commercial,3-Phase 30(100) A,3.1,3-Phase,ABC,66.0,False,0.0,False,7,39.17,0.0125,0.011,224.9,2.22,,
UTCC-1238,13.78290806103293,100.56245529394819,668906.636605786,1524266.0141709617,Building,Commercial,3-Phase 30(100) A,3.1,3-Phase,ABC,66.0,False,0.0,False,7,54.92,0.0176,0.0154,222.8,3.13,,
UTCC-1239,13.777453000010803,100.56239165000103,668903.6758594577,1523662.4773756426,Building,Commercial,3-Phase / CT,3.2,3-Phase,ABC,150.0,False,0.0,False,5,36.68,0.0117,0.0103,219.1,4.73,,
UTCC-1240,13.777553726234851,100.5623904147685,668903.46990957,1523673.6198234838,Building,Commercial,3-Phase 30(100) A,3.1,3-Phase,ABC,66.0,True,9.73,False,5,28.53,0.0091,0.008,226.3,1.62,,
UTCC-1241,13.777715987694322,100.56237030994329,668901.1793754989,1523691.5566444136,Building,Commercial,3-Phase 30(100) A,3.1,3-Phase,ABC,66.0,False,0.0,False,5,19.96,0.0064,0.0056,227.4,1.14,,
UTCC-1242,13.777917024286177,100.56234837432802,668898.6630157076,1523713.7818621777,Building,Commercial,3-Phase 30(100) A,3.1,3-Phase,ABC,66.0,True,18.06,False,5,28.32,0.0091,0.0079,226.3,1.61,,
UTCC-1243,13.778083512512563,100.56224734589898,668887.6192208878,1523732.1294513016,Building,Commercial,3-Phase / CT,3.2,3-Phase,ABC,150.0,True,30.57,False,2,33.28,0.0106,0.0093,220.1,4.28,,
UTCC-1244,13.778156073912086,100.56235448413126,668899.1518761775,1523740.2321509952,Building,Commercial,3-Phase 30(100) A,3.1,3-Phase,ABC,66.0,False,0.0,False,2,21.16,0.0068,0.0059,227.2,1.2,,
UTCC-1245,13.778255095497174,100.56234747591495,668898.3229205577,1523751.1819604987,Building,Commercial,3-Phase 30(100) A,3.1,3-Phase,ABC,66.0,True,10.63,False,2,11.45,0.0037,0.0032,228.5,0.65,,
UTCC-1246,13.778357598724321,100.5623377929671,668897.202246023,1523762.5150644528,Building,Commercial,3-Phase 30(100) A,3.1,3-Phase,ABC,66.0,True,12.13,False,2,7.83,0.0025,0.0022,229.0,0.44,,
UTCC-1247,13.777397412445904,100.56223937351984,668887.2501816459,1523656.2207870502,Building,Commercial,3-Phase 30(100) A,3.1,3-Phase,ABC,66.0,True,17.48,False,5,35.77,0.0114,0.01,225.3,2.03,,
UTCC-1248,13.777548779586258,100.56222711185156,668885.8155653113,1523672.9578809352,Building,Commercial,3-Phase / CT,3.2,3-Phase,ABC,150.0,False,0.0,False,5,19.08,0.0061,0.0053,224.3,2.46,,
UTCC-1249,13.777649995026271,100.5622230759534,668885.3064360411,1523684.1524830328,Building,Commercial,3-Phase 30(100) A,3.1,3-Phase,ABC,66.0,True,9.57,False,5,8.39,0.0027,0.0023,228.9,0.48,,
UTCC-1250,13.777745755284615,100.56221877393496,668884.7724510076,1523694.743393014,Building,Commercial,3-Phase 30(100) A,3.1,3-Phase,ABC,66.0,False,0.0,False,5,4.83,0.0015,0.0014,229.4,0.27,,
UTCC-1251,13.77784851823856,100.56220466407649,668883.172916393,1523706.102121104,Building,Commercial,3-Phase 30(100) A,3.1,3-Phase,ABC,66.0,True,10.16,False,5,14.76,0.0047,0.0041,228.1,0.83,,
UTCC-1252,13.777949550006552,100.56220435000088,668883.0663580915,1523717.2790176657,Building,Commercial,3-Phase 30(100) A,3.1,3-Phase,ABC,66.0,True,8.28,False,5,25.87,0.0083,0.0072,226.6,1.47,,
UTCC-1253,13.77824585500803,100.5621771237375,668879.9094825898,1523750.0400383917,Building,Commercial,3-Phase 30(100) A,3.1,3-Phase,ABC,66.0,False,0.0,False,2,27.05,0.0087,0.0076,226.4,1.54,,
UTCC-1254,13.778340574537937,100.56217759483108,668879.8923591966,1523760.5191653962,Building,Commercial,3-Phase 30(100) A,3.1,3-Phase,ABC,66.0,False,0.0,False,2,24.91,0.008,0.007,226.7,1.42,,
UTCC-1255,13.779775935091507,100.56236812131411,668899.4622782433,1523919.4465604054,Building,Commercial,3-Phase / CT,3.2,3-Phase,ABC,150.0,False,0.0,False,11,37.04,0.0119,0.0104,219.0,4.8,,
UTCC-1256,13.779500599506989,100.56249883959936,668913.7945839445,1523889.0780827033,Building,Commercial,3-Phase / CT,3.2,3-Phase,ABC,150.0,False,0.0,False,11,22.28,0.0071,0.0062,223.4,2.86,,
UTCC-1257,13.779464173253558,100.56227897467235,668890.047025933,1523884.8938048754,Building,Commercial,3-Phase / CT,3.2,3-Phase,ABC,150.0,False,0.0,False,11,2.9,0.0009,0.0008,229.2,0.37,,
UTCC-1258,13.779182549992765,100.56217504999776,668879.0121518815,1523853.6648995972,Building,Commercial,3-Phase 30(100) A,3.1,3-Phase,ABC,66.0,True,6.91,False,11,32.31,0.0103,0.009,225.8,1.83,,
UTCC-1259,13.779315765748104,100.56217890257366,668879.332995693,1523868.405229814,Building,Commercial,3-Phase 30(100) A,3.1,3-Phase,ABC,66.0,True,4.39,False,11,19.62,0.0063,0.0055,227.4,1.12,,
UTCC-1260,13.7827533679972,100.55965118501423,668603.5471820831,1524246.9319419432,Building,Commercial,3-Phase / CT,3.2,3-Phase,ABC,150.0,False,0.0,False,10,72.61,0.0232,0.0203,208.5,9.37,,
UTCC-1261,13.78275822130305,100.55992281442144,668632.914228391,1524247.659399013,Building,Commercial,3-Phase / CT,3.2,3-Phase,ABC,150.0,True,22.1,False,10,43.7,0.014,0.0122,217.0,5.65,,
UTCC-1262,13.782841669337296,100.56015513144715,668657.9741176266,1524257.0542155995,Building,Commercial,3-Phase / CT,3.2,3-Phase,ABC,150.0,False,0.0,False,10,17.31,0.0055,0.0048,224.9,2.22,,
UTCC-1263,13.782880618739174,100.56039238255161,668683.599448253,1524261.529651092,Building,Commercial,3-Phase / CT,3.2,3-Phase,ABC,150.0,False,0.0,False,10,8.87,0.0028,0.0025,227.4,1.14,,
UTCC-1264,13.782912887719998,100.56074237615388,668721.4200980645,1524265.3451908142,Building,Commercial,3-Phase / CT,3.2,3-Phase,ABC,150.0,False,0.0,False,10,46.69,0.0149,0.0131,216.1,6.02,,
UTCC-1265,13.78298342337102,100.5610238380583,668751.8031178176,1524273.3461054487,Building,Commercial,3-Phase / CT,3.2,3-Phase,ABC,150.0,False,0.0,False,10,77.99,0.025,0.0218,206.8,10.08,,
